method	n_test	pearson_r	pearson_lo	pearson_hi	auc_sig	calibration_slope	fve
gnn	170039	0.03721409451636287	0.03250979528167439	0.04235100808636382	0.4994570294584893	0.03687652224723638	-0.9435358398695577
ml_mlp	170039	0.04804722445318421	0.04304818385670281	0.05287392952495012	0.4987687998168693	0.9015458038624605	0.0022789751018784665
ml_xgb	170039	0.05768792592620722	0.05255514057200458	0.06322132089880178	0.48812565316717194	1.830564991026155	0.0026423921467993994
prscs	170039	0.04083622115128273	0.03618538857103027	0.045814601828623056	0.4994570294584893	0.0580751103919509	-0.43713286831836706
pt_p1e+00	213	-0.046122734027458825	-0.17578964547871176	0.09246552017206125	0.5874792703150913	-0.01859856463690091	-6.528787718734694
pt_p1e-03	37	-0.09725466278718224	-0.35843034315724764	0.20473164781579795	0.5784313725490196	-0.03389426397404129	-9.076611522126093
pt_p1e-05	2	-0.9999999999999998	-0.9999999999999998	-0.9999999999999998	NaN	-0.043744683507689425	-588.5065153957389
pt_p5e-02	191	-0.04462253651659687	-0.17335989503755347	0.09346544432140601	0.536778398510242	-0.017912692789931885	-6.631780368096008
